Card 1,Card 2,Card 3
The Fool,The Magician,The High Priestess
The Fool,The Magician,The Empress
The Fool,The Magician,The Emperor
The Fool,The Magician,The Hierophant
The Fool,The Magician,The Lovers
The Fool,The Magician,The Chariot
The Fool,The Magician,Strength
The Fool,The Magician,The Hermit
The Fool,The Magician,Wheel of Fortune
The Fool,The Magician,Justice
The Fool,The Magician,The Hanged Man
The Fool,The Magician,Death
The Fool,The Magician,Temperance
The Fool,The Magician,The Devil
The Fool,The Magician,The Tower
The Fool,The Magician,The Star
The Fool,The Magician,The Moon
The Fool,The Magician,The Sun
The Fool,The Magician,Judgement
The Fool,The Magician,The World
The Fool,The High Priestess,The Empress
The Fool,The High Priestess,The Emperor
The Fool,The High Priestess,The Hierophant
The Fool,The High Priestess,The Lovers
The Fool,The High Priestess,The Chariot
The Fool,The High Priestess,Strength
The Fool,The High Priestess,The Hermit
The Fool,The High Priestess,Wheel of Fortune
The Fool,The High Priestess,Justice
The Fool,The High Priestess,The Hanged Man
The Fool,The High Priestess,Death
The Fool,The High Priestess,Temperance
The Fool,The High Priestess,The Devil
The Fool,The High Priestess,The Tower
The Fool,The High Priestess,The Star
The Fool,The High Priestess,The Moon
The Fool,The High Priestess,The Sun
The Fool,The High Priestess,Judgement
The Fool,The High Priestess,The World
The Fool,The Empress,The Emperor
The Fool,The Empress,The Hierophant
The Fool,The Empress,The Lovers
The Fool,The Empress,The Chariot
The Fool,The Empress,Strength
The Fool,The Empress,The Hermit
The Fool,The Empress,Wheel of Fortune
The Fool,The Empress,Justice
The Fool,The Empress,The Hanged Man
The Fool,The Empress,Death
The Fool,The Empress,Temperance
The Fool,The Empress,The Devil
The Fool,The Empress,The Tower
The Fool,The Empress,The Star
The Fool,The Empress,The Moon
The Fool,The Empress,The Sun
The Fool,The Empress,Judgement
The Fool,The Empress,The World
The Fool,The Emperor,The Hierophant
The Fool,The Emperor,The Lovers
The Fool,The Emperor,The Chariot
The Fool,The Emperor,Strength
The Fool,The Emperor,The Hermit
The Fool,The Emperor,Wheel of Fortune
The Fool,The Emperor,Justice
The Fool,The Emperor,The Hanged Man
The Fool,The Emperor,Death
The Fool,The Emperor,Temperance
The Fool,The Emperor,The Devil
The Fool,The Emperor,The Tower
The Fool,The Emperor,The Star
The Fool,The Emperor,The Moon
The Fool,The Emperor,The Sun
The Fool,The Emperor,Judgement
The Fool,The Emperor,The World
The Fool,The Hierophant,The Lovers
The Fool,The Hierophant,The Chariot
The Fool,The Hierophant,Strength
The Fool,The Hierophant,The Hermit
The Fool,The Hierophant,Wheel of Fortune
The Fool,The Hierophant,Justice
The Fool,The Hierophant,The Hanged Man
The Fool,The Hierophant,Death
The Fool,The Hierophant,Temperance
The Fool,The Hierophant,The Devil
The Fool,The Hierophant,The Tower
The Fool,The Hierophant,The Star
The Fool,The Hierophant,The Moon
The Fool,The Hierophant,The Sun
The Fool,The Hierophant,Judgement
The Fool,The Hierophant,The World
The Fool,The Lovers,The Chariot
The Fool,The Lovers,Strength
The Fool,The Lovers,The Hermit
The Fool,The Lovers,Wheel of Fortune
The Fool,The Lovers,Justice
The Fool,The Lovers,The Hanged Man
The Fool,The Lovers,Death
The Fool,The Lovers,Temperance
The Fool,The Lovers,The Devil
The Fool,The Lovers,The Tower
The Fool,The Lovers,The Star
The Fool,The Lovers,The Moon
The Fool,The Lovers,The Sun
The Fool,The Lovers,Judgement
The Fool,The Lovers,The World
The Fool,The Chariot,Strength
The Fool,The Chariot,The Hermit
The Fool,The Chariot,Wheel of Fortune
The Fool,The Chariot,Justice
The Fool,The Chariot,The Hanged Man
The Fool,The Chariot,Death
The Fool,The Chariot,Temperance
The Fool,The Chariot,The Devil
The Fool,The Chariot,The Tower
The Fool,The Chariot,The Star
The Fool,The Chariot,The Moon
The Fool,The Chariot,The Sun
The Fool,The Chariot,Judgement
The Fool,The Chariot,The World
The Fool,Strength,The Hermit
The Fool,Strength,Wheel of Fortune
The Fool,Strength,Justice
The Fool,Strength,The Hanged Man
The Fool,Strength,Death
The Fool,Strength,Temperance
The Fool,Strength,The Devil
The Fool,Strength,The Tower
The Fool,Strength,The Star
The Fool,Strength,The Moon
The Fool,Strength,The Sun
The Fool,Strength,Judgement
The Fool,Strength,The World
The Fool,The Hermit,Wheel of Fortune
The Fool,The Hermit,Justice
The Fool,The Hermit,The Hanged Man
The Fool,The Hermit,Death
The Fool,The Hermit,Temperance
The Fool,The Hermit,The Devil
The Fool,The Hermit,The Tower
The Fool,The Hermit,The Star
The Fool,The Hermit,The Moon
The Fool,The Hermit,The Sun
The Fool,The Hermit,Judgement
The Fool,The Hermit,The World
The Fool,Wheel of Fortune,Justice
The Fool,Wheel of Fortune,The Hanged Man
The Fool,Wheel of Fortune,Death
The Fool,Wheel of Fortune,Temperance
The Fool,Wheel of Fortune,The Devil
The Fool,Wheel of Fortune,The Tower
The Fool,Wheel of Fortune,The Star
The Fool,Wheel of Fortune,The Moon
The Fool,Wheel of Fortune,The Sun
The Fool,Wheel of Fortune,Judgement
The Fool,Wheel of Fortune,The World
The Fool,Justice,The Hanged Man
The Fool,Justice,Death
The Fool,Justice,Temperance
The Fool,Justice,The Devil
The Fool,Justice,The Tower
The Fool,Justice,The Star
The Fool,Justice,The Moon
The Fool,Justice,The Sun
The Fool,Justice,Judgement
The Fool,Justice,The World
The Fool,The Hanged Man,Death
The Fool,The Hanged Man,Temperance
The Fool,The Hanged Man,The Devil
The Fool,The Hanged Man,The Tower
The Fool,The Hanged Man,The Star
The Fool,The Hanged Man,The Moon
The Fool,The Hanged Man,The Sun
The Fool,The Hanged Man,Judgement
The Fool,The Hanged Man,The World
The Fool,Death,Temperance
The Fool,Death,The Devil
The Fool,Death,The Tower
The Fool,Death,The Star
The Fool,Death,The Moon
The Fool,Death,The Sun
The Fool,Death,Judgement
The Fool,Death,The World
The Fool,Temperance,The Devil
The Fool,Temperance,The Tower
The Fool,Temperance,The Star
The Fool,Temperance,The Moon
The Fool,Temperance,The Sun
The Fool,Temperance,Judgement
The Fool,Temperance,The World
The Fool,The Devil,The Tower
The Fool,The Devil,The Star
The Fool,The Devil,The Moon
The Fool,The Devil,The Sun
The Fool,The Devil,Judgement
The Fool,The Devil,The World
The Fool,The Tower,The Star
The Fool,The Tower,The Moon
The Fool,The Tower,The Sun
The Fool,The Tower,Judgement
The Fool,The Tower,The World
The Fool,The Star,The Moon
The Fool,The Star,The Sun
The Fool,The Star,Judgement
The Fool,The Star,The World
The Fool,The Moon,The Sun
The Fool,The Moon,Judgement
The Fool,The Moon,The World
The Fool,The Sun,Judgement
The Fool,The Sun,The World
The Fool,Judgement,The World
The Magician,The High Priestess,The Empress
The Magician,The High Priestess,The Emperor
The Magician,The High Priestess,The Hierophant
The Magician,The High Priestess,The Lovers
The Magician,The High Priestess,The Chariot
The Magician,The High Priestess,Strength
The Magician,The High Priestess,The Hermit
The Magician,The High Priestess,Wheel of Fortune
The Magician,The High Priestess,Justice
The Magician,The High Priestess,The Hanged Man
The Magician,The High Priestess,Death
The Magician,The High Priestess,Temperance
The Magician,The High Priestess,The Devil
The Magician,The High Priestess,The Tower
The Magician,The High Priestess,The Star
The Magician,The High Priestess,The Moon
The Magician,The High Priestess,The Sun
The Magician,The High Priestess,Judgement
The Magician,The High Priestess,The World
The Magician,The Empress,The Emperor
The Magician,The Empress,The Hierophant
The Magician,The Empress,The Lovers
The Magician,The Empress,The Chariot
The Magician,The Empress,Strength
The Magician,The Empress,The Hermit
The Magician,The Empress,Wheel of Fortune
The Magician,The Empress,Justice
The Magician,The Empress,The Hanged Man
The Magician,The Empress,Death
The Magician,The Empress,Temperance
The Magician,The Empress,The Devil
The Magician,The Empress,The Tower
The Magician,The Empress,The Star
The Magician,The Empress,The Moon
The Magician,The Empress,The Sun
The Magician,The Empress,Judgement
The Magician,The Empress,The World
The Magician,The Emperor,The Hierophant
The Magician,The Emperor,The Lovers
The Magician,The Emperor,The Chariot
The Magician,The Emperor,Strength
The Magician,The Emperor,The Hermit
The Magician,The Emperor,Wheel of Fortune
The Magician,The Emperor,Justice
The Magician,The Emperor,The Hanged Man
The Magician,The Emperor,Death
The Magician,The Emperor,Temperance
The Magician,The Emperor,The Devil
The Magician,The Emperor,The Tower
The Magician,The Emperor,The Star
The Magician,The Emperor,The Moon
The Magician,The Emperor,The Sun
The Magician,The Emperor,Judgement
The Magician,The Emperor,The World
The Magician,The Hierophant,The Lovers
The Magician,The Hierophant,The Chariot
The Magician,The Hierophant,Strength
The Magician,The Hierophant,The Hermit
The Magician,The Hierophant,Wheel of Fortune
The Magician,The Hierophant,Justice
The Magician,The Hierophant,The Hanged Man
The Magician,The Hierophant,Death
The Magician,The Hierophant,Temperance
The Magician,The Hierophant,The Devil
The Magician,The Hierophant,The Tower
The Magician,The Hierophant,The Star
The Magician,The Hierophant,The Moon
The Magician,The Hierophant,The Sun
The Magician,The Hierophant,Judgement
The Magician,The Hierophant,The World
The Magician,The Lovers,The Chariot
The Magician,The Lovers,Strength
The Magician,The Lovers,The Hermit
The Magician,The Lovers,Wheel of Fortune
The Magician,The Lovers,Justice
The Magician,The Lovers,The Hanged Man
The Magician,The Lovers,Death
The Magician,The Lovers,Temperance
The Magician,The Lovers,The Devil
The Magician,The Lovers,The Tower
The Magician,The Lovers,The Star
The Magician,The Lovers,The Moon
The Magician,The Lovers,The Sun
The Magician,The Lovers,Judgement
The Magician,The Lovers,The World
The Magician,The Chariot,Strength
The Magician,The Chariot,The Hermit
The Magician,The Chariot,Wheel of Fortune
The Magician,The Chariot,Justice
The Magician,The Chariot,The Hanged Man
The Magician,The Chariot,Death
The Magician,The Chariot,Temperance
The Magician,The Chariot,The Devil
The Magician,The Chariot,The Tower
The Magician,The Chariot,The Star
The Magician,The Chariot,The Moon
The Magician,The Chariot,The Sun
The Magician,The Chariot,Judgement
The Magician,The Chariot,The World
The Magician,Strength,The Hermit
The Magician,Strength,Wheel of Fortune
The Magician,Strength,Justice
The Magician,Strength,The Hanged Man
The Magician,Strength,Death
The Magician,Strength,Temperance
The Magician,Strength,The Devil
The Magician,Strength,The Tower
The Magician,Strength,The Star
The Magician,Strength,The Moon
The Magician,Strength,The Sun
The Magician,Strength,Judgement
The Magician,Strength,The World
The Magician,The Hermit,Wheel of Fortune
The Magician,The Hermit,Justice
The Magician,The Hermit,The Hanged Man
The Magician,The Hermit,Death
The Magician,The Hermit,Temperance
The Magician,The Hermit,The Devil
The Magician,The Hermit,The Tower
The Magician,The Hermit,The Star
The Magician,The Hermit,The Moon
The Magician,The Hermit,The Sun
The Magician,The Hermit,Judgement
The Magician,The Hermit,The World
The Magician,Wheel of Fortune,Justice
The Magician,Wheel of Fortune,The Hanged Man
The Magician,Wheel of Fortune,Death
The Magician,Wheel of Fortune,Temperance
The Magician,Wheel of Fortune,The Devil
The Magician,Wheel of Fortune,The Tower
The Magician,Wheel of Fortune,The Star
The Magician,Wheel of Fortune,The Moon
The Magician,Wheel of Fortune,The Sun
The Magician,Wheel of Fortune,Judgement
The Magician,Wheel of Fortune,The World
The Magician,Justice,The Hanged Man
The Magician,Justice,Death
The Magician,Justice,Temperance
The Magician,Justice,The Devil
The Magician,Justice,The Tower
The Magician,Justice,The Star
The Magician,Justice,The Moon
The Magician,Justice,The Sun
The Magician,Justice,Judgement
The Magician,Justice,The World
The Magician,The Hanged Man,Death
The Magician,The Hanged Man,Temperance
The Magician,The Hanged Man,The Devil
The Magician,The Hanged Man,The Tower
The Magician,The Hanged Man,The Star
The Magician,The Hanged Man,The Moon
The Magician,The Hanged Man,The Sun
The Magician,The Hanged Man,Judgement
The Magician,The Hanged Man,The World
The Magician,Death,Temperance
The Magician,Death,The Devil
The Magician,Death,The Tower
The Magician,Death,The Star
The Magician,Death,The Moon
The Magician,Death,The Sun
The Magician,Death,Judgement
The Magician,Death,The World
The Magician,Temperance,The Devil
The Magician,Temperance,The Tower
The Magician,Temperance,The Star
The Magician,Temperance,The Moon
The Magician,Temperance,The Sun
The Magician,Temperance,Judgement
The Magician,Temperance,The World
The Magician,The Devil,The Tower
The Magician,The Devil,The Star
The Magician,The Devil,The Moon
The Magician,The Devil,The Sun
The Magician,The Devil,Judgement
The Magician,The Devil,The World
The Magician,The Tower,The Star
The Magician,The Tower,The Moon
The Magician,The Tower,The Sun
The Magician,The Tower,Judgement
The Magician,The Tower,The World
The Magician,The Star,The Moon
The Magician,The Star,The Sun
The Magician,The Star,Judgement
The Magician,The Star,The World
The Magician,The Moon,The Sun
The Magician,The Moon,Judgement
The Magician,The Moon,The World
The Magician,The Sun,Judgement
The Magician,The Sun,The World
The Magician,Judgement,The World
The High Priestess,The Empress,The Emperor
The High Priestess,The Empress,The Hierophant
The High Priestess,The Empress,The Lovers
The High Priestess,The Empress,The Chariot
The High Priestess,The Empress,Strength
The High Priestess,The Empress,The Hermit
The High Priestess,The Empress,Wheel of Fortune
The High Priestess,The Empress,Justice
The High Priestess,The Empress,The Hanged Man
The High Priestess,The Empress,Death
The High Priestess,The Empress,Temperance
The High Priestess,The Empress,The Devil
The High Priestess,The Empress,The Tower
The High Priestess,The Empress,The Star
The High Priestess,The Empress,The Moon
The High Priestess,The Empress,The Sun
The High Priestess,The Empress,Judgement
The High Priestess,The Empress,The World
The High Priestess,The Emperor,The Hierophant
The High Priestess,The Emperor,The Lovers
The High Priestess,The Emperor,The Chariot
The High Priestess,The Emperor,Strength
The High Priestess,The Emperor,The Hermit
The High Priestess,The Emperor,Wheel of Fortune
The High Priestess,The Emperor,Justice
The High Priestess,The Emperor,The Hanged Man
The High Priestess,The Emperor,Death
The High Priestess,The Emperor,Temperance
The High Priestess,The Emperor,The Devil
The High Priestess,The Emperor,The Tower
The High Priestess,The Emperor,The Star
The High Priestess,The Emperor,The Moon
The High Priestess,The Emperor,The Sun
The High Priestess,The Emperor,Judgement
The High Priestess,The Emperor,The World
The High Priestess,The Hierophant,The Lovers
The High Priestess,The Hierophant,The Chariot
The High Priestess,The Hierophant,Strength
The High Priestess,The Hierophant,The Hermit
The High Priestess,The Hierophant,Wheel of Fortune
The High Priestess,The Hierophant,Justice
The High Priestess,The Hierophant,The Hanged Man
The High Priestess,The Hierophant,Death
The High Priestess,The Hierophant,Temperance
The High Priestess,The Hierophant,The Devil
The High Priestess,The Hierophant,The Tower
The High Priestess,The Hierophant,The Star
The High Priestess,The Hierophant,The Moon
The High Priestess,The Hierophant,The Sun
The High Priestess,The Hierophant,Judgement
The High Priestess,The Hierophant,The World
The High Priestess,The Lovers,The Chariot
The High Priestess,The Lovers,Strength
The High Priestess,The Lovers,The Hermit
The High Priestess,The Lovers,Wheel of Fortune
The High Priestess,The Lovers,Justice
The High Priestess,The Lovers,The Hanged Man
The High Priestess,The Lovers,Death
The High Priestess,The Lovers,Temperance
The High Priestess,The Lovers,The Devil
The High Priestess,The Lovers,The Tower
The High Priestess,The Lovers,The Star
The High Priestess,The Lovers,The Moon
The High Priestess,The Lovers,The Sun
The High Priestess,The Lovers,Judgement
The High Priestess,The Lovers,The World
The High Priestess,The Chariot,Strength
The High Priestess,The Chariot,The Hermit
The High Priestess,The Chariot,Wheel of Fortune
The High Priestess,The Chariot,Justice
The High Priestess,The Chariot,The Hanged Man
The High Priestess,The Chariot,Death
The High Priestess,The Chariot,Temperance
The High Priestess,The Chariot,The Devil
The High Priestess,The Chariot,The Tower
The High Priestess,The Chariot,The Star
The High Priestess,The Chariot,The Moon
The High Priestess,The Chariot,The Sun
The High Priestess,The Chariot,Judgement
The High Priestess,The Chariot,The World
The High Priestess,Strength,The Hermit
The High Priestess,Strength,Wheel of Fortune
The High Priestess,Strength,Justice
The High Priestess,Strength,The Hanged Man
The High Priestess,Strength,Death
The High Priestess,Strength,Temperance
The High Priestess,Strength,The Devil
The High Priestess,Strength,The Tower
The High Priestess,Strength,The Star
The High Priestess,Strength,The Moon
The High Priestess,Strength,The Sun
The High Priestess,Strength,Judgement
The High Priestess,Strength,The World
The High Priestess,The Hermit,Wheel of Fortune
The High Priestess,The Hermit,Justice
The High Priestess,The Hermit,The Hanged Man
The High Priestess,The Hermit,Death
The High Priestess,The Hermit,Temperance
The High Priestess,The Hermit,The Devil
The High Priestess,The Hermit,The Tower
The High Priestess,The Hermit,The Star
The High Priestess,The Hermit,The Moon
The High Priestess,The Hermit,The Sun
The High Priestess,The Hermit,Judgement
The High Priestess,The Hermit,The World
The High Priestess,Wheel of Fortune,Justice
The High Priestess,Wheel of Fortune,The Hanged Man
The High Priestess,Wheel of Fortune,Death
The High Priestess,Wheel of Fortune,Temperance
The High Priestess,Wheel of Fortune,The Devil
The High Priestess,Wheel of Fortune,The Tower
The High Priestess,Wheel of Fortune,The Star
The High Priestess,Wheel of Fortune,The Moon
The High Priestess,Wheel of Fortune,The Sun
The High Priestess,Wheel of Fortune,Judgement
The High Priestess,Wheel of Fortune,The World
The High Priestess,Justice,The Hanged Man
The High Priestess,Justice,Death
The High Priestess,Justice,Temperance
The High Priestess,Justice,The Devil
The High Priestess,Justice,The Tower
The High Priestess,Justice,The Star
The High Priestess,Justice,The Moon
The High Priestess,Justice,The Sun
The High Priestess,Justice,Judgement
The High Priestess,Justice,The World
The High Priestess,The Hanged Man,Death
The High Priestess,The Hanged Man,Temperance
The High Priestess,The Hanged Man,The Devil
The High Priestess,The Hanged Man,The Tower
The High Priestess,The Hanged Man,The Star
The High Priestess,The Hanged Man,The Moon
The High Priestess,The Hanged Man,The Sun
The High Priestess,The Hanged Man,Judgement
The High Priestess,The Hanged Man,The World
The High Priestess,Death,Temperance
The High Priestess,Death,The Devil
The High Priestess,Death,The Tower
The High Priestess,Death,The Star
The High Priestess,Death,The Moon
The High Priestess,Death,The Sun
The High Priestess,Death,Judgement
The High Priestess,Death,The World
The High Priestess,Temperance,The Devil
The High Priestess,Temperance,The Tower
The High Priestess,Temperance,The Star
The High Priestess,Temperance,The Moon
The High Priestess,Temperance,The Sun
The High Priestess,Temperance,Judgement
The High Priestess,Temperance,The World
The High Priestess,The Devil,The Tower
The High Priestess,The Devil,The Star
The High Priestess,The Devil,The Moon
The High Priestess,The Devil,The Sun
The High Priestess,The Devil,Judgement
The High Priestess,The Devil,The World
The High Priestess,The Tower,The Star
The High Priestess,The Tower,The Moon
The High Priestess,The Tower,The Sun
The High Priestess,The Tower,Judgement
The High Priestess,The Tower,The World
The High Priestess,The Star,The Moon
The High Priestess,The Star,The Sun
The High Priestess,The Star,Judgement
The High Priestess,The Star,The World
The High Priestess,The Moon,The Sun
The High Priestess,The Moon,Judgement
The High Priestess,The Moon,The World
The High Priestess,The Sun,Judgement
The High Priestess,The Sun,The World
The High Priestess,Judgement,The World
The Empress,The Emperor,The Hierophant
The Empress,The Emperor,The Lovers
The Empress,The Emperor,The Chariot
The Empress,The Emperor,Strength
The Empress,The Emperor,The Hermit
The Empress,The Emperor,Wheel of Fortune
The Empress,The Emperor,Justice
The Empress,The Emperor,The Hanged Man
The Empress,The Emperor,Death
The Empress,The Emperor,Temperance
The Empress,The Emperor,The Devil
The Empress,The Emperor,The Tower
The Empress,The Emperor,The Star
The Empress,The Emperor,The Moon
The Empress,The Emperor,The Sun
The Empress,The Emperor,Judgement
The Empress,The Emperor,The World
The Empress,The Hierophant,The Lovers
The Empress,The Hierophant,The Chariot
The Empress,The Hierophant,Strength
The Empress,The Hierophant,The Hermit
The Empress,The Hierophant,Wheel of Fortune
The Empress,The Hierophant,Justice
The Empress,The Hierophant,The Hanged Man
The Empress,The Hierophant,Death
The Empress,The Hierophant,Temperance
The Empress,The Hierophant,The Devil
The Empress,The Hierophant,The Tower
The Empress,The Hierophant,The Star
The Empress,The Hierophant,The Moon
The Empress,The Hierophant,The Sun
The Empress,The Hierophant,Judgement
The Empress,The Hierophant,The World
The Empress,The Lovers,The Chariot
The Empress,The Lovers,Strength
The Empress,The Lovers,The Hermit
The Empress,The Lovers,Wheel of Fortune
The Empress,The Lovers,Justice
The Empress,The Lovers,The Hanged Man
The Empress,The Lovers,Death
The Empress,The Lovers,Temperance
The Empress,The Lovers,The Devil
The Empress,The Lovers,The Tower
The Empress,The Lovers,The Star
The Empress,The Lovers,The Moon
The Empress,The Lovers,The Sun
The Empress,The Lovers,Judgement
The Empress,The Lovers,The World
The Empress,The Chariot,Strength
The Empress,The Chariot,The Hermit
The Empress,The Chariot,Wheel of Fortune
The Empress,The Chariot,Justice
The Empress,The Chariot,The Hanged Man
The Empress,The Chariot,Death
The Empress,The Chariot,Temperance
The Empress,The Chariot,The Devil
The Empress,The Chariot,The Tower
The Empress,The Chariot,The Star
The Empress,The Chariot,The Moon
The Empress,The Chariot,The Sun
The Empress,The Chariot,Judgement
The Empress,The Chariot,The World
The Empress,Strength,The Hermit
The Empress,Strength,Wheel of Fortune
The Empress,Strength,Justice
The Empress,Strength,The Hanged Man
The Empress,Strength,Death
The Empress,Strength,Temperance
The Empress,Strength,The Devil
The Empress,Strength,The Tower
The Empress,Strength,The Star
The Empress,Strength,The Moon
The Empress,Strength,The Sun
The Empress,Strength,Judgement
The Empress,Strength,The World
The Empress,The Hermit,Wheel of Fortune
The Empress,The Hermit,Justice
The Empress,The Hermit,The Hanged Man
The Empress,The Hermit,Death
The Empress,The Hermit,Temperance
The Empress,The Hermit,The Devil
The Empress,The Hermit,The Tower
The Empress,The Hermit,The Star
The Empress,The Hermit,The Moon
The Empress,The Hermit,The Sun
The Empress,The Hermit,Judgement
The Empress,The Hermit,The World
The Empress,Wheel of Fortune,Justice
The Empress,Wheel of Fortune,The Hanged Man
The Empress,Wheel of Fortune,Death
The Empress,Wheel of Fortune,Temperance
The Empress,Wheel of Fortune,The Devil
The Empress,Wheel of Fortune,The Tower
The Empress,Wheel of Fortune,The Star
The Empress,Wheel of Fortune,The Moon
The Empress,Wheel of Fortune,The Sun
The Empress,Wheel of Fortune,Judgement
The Empress,Wheel of Fortune,The World
The Empress,Justice,The Hanged Man
The Empress,Justice,Death
The Empress,Justice,Temperance
The Empress,Justice,The Devil
The Empress,Justice,The Tower
The Empress,Justice,The Star
The Empress,Justice,The Moon
The Empress,Justice,The Sun
The Empress,Justice,Judgement
The Empress,Justice,The World
The Empress,The Hanged Man,Death
The Empress,The Hanged Man,Temperance
The Empress,The Hanged Man,The Devil
The Empress,The Hanged Man,The Tower
The Empress,The Hanged Man,The Star
The Empress,The Hanged Man,The Moon
The Empress,The Hanged Man,The Sun
The Empress,The Hanged Man,Judgement
The Empress,The Hanged Man,The World
The Empress,Death,Temperance
The Empress,Death,The Devil
The Empress,Death,The Tower
The Empress,Death,The Star
The Empress,Death,The Moon
The Empress,Death,The Sun
The Empress,Death,Judgement
The Empress,Death,The World
The Empress,Temperance,The Devil
The Empress,Temperance,The Tower
The Empress,Temperance,The Star
The Empress,Temperance,The Moon
The Empress,Temperance,The Sun
The Empress,Temperance,Judgement
The Empress,Temperance,The World
The Empress,The Devil,The Tower
The Empress,The Devil,The Star
The Empress,The Devil,The Moon
The Empress,The Devil,The Sun
The Empress,The Devil,Judgement
The Empress,The Devil,The World
The Empress,The Tower,The Star
The Empress,The Tower,The Moon
The Empress,The Tower,The Sun
The Empress,The Tower,Judgement
The Empress,The Tower,The World
The Empress,The Star,The Moon
The Empress,The Star,The Sun
The Empress,The Star,Judgement
The Empress,The Star,The World
The Empress,The Moon,The Sun
The Empress,The Moon,Judgement
The Empress,The Moon,The World
The Empress,The Sun,Judgement
The Empress,The Sun,The World
The Empress,Judgement,The World
The Emperor,The Hierophant,The Lovers
The Emperor,The Hierophant,The Chariot
The Emperor,The Hierophant,Strength
The Emperor,The Hierophant,The Hermit
The Emperor,The Hierophant,Wheel of Fortune
The Emperor,The Hierophant,Justice
The Emperor,The Hierophant,The Hanged Man
The Emperor,The Hierophant,Death
The Emperor,The Hierophant,Temperance
The Emperor,The Hierophant,The Devil
The Emperor,The Hierophant,The Tower
The Emperor,The Hierophant,The Star
The Emperor,The Hierophant,The Moon
The Emperor,The Hierophant,The Sun
The Emperor,The Hierophant,Judgement
The Emperor,The Hierophant,The World
The Emperor,The Lovers,The Chariot
The Emperor,The Lovers,Strength
The Emperor,The Lovers,The Hermit
The Emperor,The Lovers,Wheel of Fortune
The Emperor,The Lovers,Justice
The Emperor,The Lovers,The Hanged Man
The Emperor,The Lovers,Death
The Emperor,The Lovers,Temperance
The Emperor,The Lovers,The Devil
The Emperor,The Lovers,The Tower
The Emperor,The Lovers,The Star
The Emperor,The Lovers,The Moon
The Emperor,The Lovers,The Sun
The Emperor,The Lovers,Judgement
The Emperor,The Lovers,The World
The Emperor,The Chariot,Strength
The Emperor,The Chariot,The Hermit
The Emperor,The Chariot,Wheel of Fortune
The Emperor,The Chariot,Justice
The Emperor,The Chariot,The Hanged Man
The Emperor,The Chariot,Death
The Emperor,The Chariot,Temperance
The Emperor,The Chariot,The Devil
The Emperor,The Chariot,The Tower
The Emperor,The Chariot,The Star
The Emperor,The Chariot,The Moon
The Emperor,The Chariot,The Sun
The Emperor,The Chariot,Judgement
The Emperor,The Chariot,The World
The Emperor,Strength,The Hermit
The Emperor,Strength,Wheel of Fortune
The Emperor,Strength,Justice
The Emperor,Strength,The Hanged Man
The Emperor,Strength,Death
The Emperor,Strength,Temperance
The Emperor,Strength,The Devil
The Emperor,Strength,The Tower
The Emperor,Strength,The Star
The Emperor,Strength,The Moon
The Emperor,Strength,The Sun
The Emperor,Strength,Judgement
The Emperor,Strength,The World
The Emperor,The Hermit,Wheel of Fortune
The Emperor,The Hermit,Justice
The Emperor,The Hermit,The Hanged Man
The Emperor,The Hermit,Death
The Emperor,The Hermit,Temperance
The Emperor,The Hermit,The Devil
The Emperor,The Hermit,The Tower
The Emperor,The Hermit,The Star
The Emperor,The Hermit,The Moon
The Emperor,The Hermit,The Sun
The Emperor,The Hermit,Judgement
The Emperor,The Hermit,The World
The Emperor,Wheel of Fortune,Justice
The Emperor,Wheel of Fortune,The Hanged Man
The Emperor,Wheel of Fortune,Death
The Emperor,Wheel of Fortune,Temperance
The Emperor,Wheel of Fortune,The Devil
The Emperor,Wheel of Fortune,The Tower
The Emperor,Wheel of Fortune,The Star
The Emperor,Wheel of Fortune,The Moon
The Emperor,Wheel of Fortune,The Sun
The Emperor,Wheel of Fortune,Judgement
The Emperor,Wheel of Fortune,The World
The Emperor,Justice,The Hanged Man
The Emperor,Justice,Death
The Emperor,Justice,Temperance
The Emperor,Justice,The Devil
The Emperor,Justice,The Tower
The Emperor,Justice,The Star
The Emperor,Justice,The Moon
The Emperor,Justice,The Sun
The Emperor,Justice,Judgement
The Emperor,Justice,The World
The Emperor,The Hanged Man,Death
The Emperor,The Hanged Man,Temperance
The Emperor,The Hanged Man,The Devil
The Emperor,The Hanged Man,The Tower
The Emperor,The Hanged Man,The Star
The Emperor,The Hanged Man,The Moon
The Emperor,The Hanged Man,The Sun
The Emperor,The Hanged Man,Judgement
The Emperor,The Hanged Man,The World
The Emperor,Death,Temperance
The Emperor,Death,The Devil
The Emperor,Death,The Tower
The Emperor,Death,The Star
The Emperor,Death,The Moon
The Emperor,Death,The Sun
The Emperor,Death,Judgement
The Emperor,Death,The World
The Emperor,Temperance,The Devil
The Emperor,Temperance,The Tower
The Emperor,Temperance,The Star
The Emperor,Temperance,The Moon
The Emperor,Temperance,The Sun
The Emperor,Temperance,Judgement
The Emperor,Temperance,The World
The Emperor,The Devil,The Tower
The Emperor,The Devil,The Star
The Emperor,The Devil,The Moon
The Emperor,The Devil,The Sun
The Emperor,The Devil,Judgement
The Emperor,The Devil,The World
The Emperor,The Tower,The Star
The Emperor,The Tower,The Moon
The Emperor,The Tower,The Sun
The Emperor,The Tower,Judgement
The Emperor,The Tower,The World
The Emperor,The Star,The Moon
The Emperor,The Star,The Sun
The Emperor,The Star,Judgement
The Emperor,The Star,The World
The Emperor,The Moon,The Sun
The Emperor,The Moon,Judgement
The Emperor,The Moon,The World
The Emperor,The Sun,Judgement
The Emperor,The Sun,The World
The Emperor,Judgement,The World
The Hierophant,The Lovers,The Chariot
The Hierophant,The Lovers,Strength
The Hierophant,The Lovers,The Hermit
The Hierophant,The Lovers,Wheel of Fortune
The Hierophant,The Lovers,Justice
The Hierophant,The Lovers,The Hanged Man
The Hierophant,The Lovers,Death
The Hierophant,The Lovers,Temperance
The Hierophant,The Lovers,The Devil
The Hierophant,The Lovers,The Tower
The Hierophant,The Lovers,The Star
The Hierophant,The Lovers,The Moon
The Hierophant,The Lovers,The Sun
The Hierophant,The Lovers,Judgement
The Hierophant,The Lovers,The World
The Hierophant,The Chariot,Strength
The Hierophant,The Chariot,The Hermit
The Hierophant,The Chariot,Wheel of Fortune
The Hierophant,The Chariot,Justice
The Hierophant,The Chariot,The Hanged Man
The Hierophant,The Chariot,Death
The Hierophant,The Chariot,Temperance
The Hierophant,The Chariot,The Devil
The Hierophant,The Chariot,The Tower
The Hierophant,The Chariot,The Star
The Hierophant,The Chariot,The Moon
The Hierophant,The Chariot,The Sun
The Hierophant,The Chariot,Judgement
The Hierophant,The Chariot,The World
The Hierophant,Strength,The Hermit
The Hierophant,Strength,Wheel of Fortune
The Hierophant,Strength,Justice
The Hierophant,Strength,The Hanged Man
The Hierophant,Strength,Death
The Hierophant,Strength,Temperance
The Hierophant,Strength,The Devil
The Hierophant,Strength,The Tower
The Hierophant,Strength,The Star
The Hierophant,Strength,The Moon
The Hierophant,Strength,The Sun
The Hierophant,Strength,Judgement
The Hierophant,Strength,The World
The Hierophant,The Hermit,Wheel of Fortune
The Hierophant,The Hermit,Justice
The Hierophant,The Hermit,The Hanged Man
The Hierophant,The Hermit,Death
The Hierophant,The Hermit,Temperance
The Hierophant,The Hermit,The Devil
The Hierophant,The Hermit,The Tower
The Hierophant,The Hermit,The Star
The Hierophant,The Hermit,The Moon
The Hierophant,The Hermit,The Sun
The Hierophant,The Hermit,Judgement
The Hierophant,The Hermit,The World
The Hierophant,Wheel of Fortune,Justice
The Hierophant,Wheel of Fortune,The Hanged Man
The Hierophant,Wheel of Fortune,Death
The Hierophant,Wheel of Fortune,Temperance
The Hierophant,Wheel of Fortune,The Devil
The Hierophant,Wheel of Fortune,The Tower
The Hierophant,Wheel of Fortune,The Star
The Hierophant,Wheel of Fortune,The Moon
The Hierophant,Wheel of Fortune,The Sun
The Hierophant,Wheel of Fortune,Judgement
The Hierophant,Wheel of Fortune,The World
The Hierophant,Justice,The Hanged Man
The Hierophant,Justice,Death
The Hierophant,Justice,Temperance
The Hierophant,Justice,The Devil
The Hierophant,Justice,The Tower
The Hierophant,Justice,The Star
The Hierophant,Justice,The Moon
The Hierophant,Justice,The Sun
The Hierophant,Justice,Judgement
The Hierophant,Justice,The World
The Hierophant,The Hanged Man,Death
The Hierophant,The Hanged Man,Temperance
The Hierophant,The Hanged Man,The Devil
The Hierophant,The Hanged Man,The Tower
The Hierophant,The Hanged Man,The Star
The Hierophant,The Hanged Man,The Moon
The Hierophant,The Hanged Man,The Sun
The Hierophant,The Hanged Man,Judgement
The Hierophant,The Hanged Man,The World
The Hierophant,Death,Temperance
The Hierophant,Death,The Devil
The Hierophant,Death,The Tower
The Hierophant,Death,The Star
The Hierophant,Death,The Moon
The Hierophant,Death,The Sun
The Hierophant,Death,Judgement
The Hierophant,Death,The World
The Hierophant,Temperance,The Devil
The Hierophant,Temperance,The Tower
The Hierophant,Temperance,The Star
The Hierophant,Temperance,The Moon
The Hierophant,Temperance,The Sun
The Hierophant,Temperance,Judgement
The Hierophant,Temperance,The World
The Hierophant,The Devil,The Tower
The Hierophant,The Devil,The Star
The Hierophant,The Devil,The Moon
The Hierophant,The Devil,The Sun
The Hierophant,The Devil,Judgement
The Hierophant,The Devil,The World
The Hierophant,The Tower,The Star
The Hierophant,The Tower,The Moon
The Hierophant,The Tower,The Sun
The Hierophant,The Tower,Judgement
The Hierophant,The Tower,The World
The Hierophant,The Star,The Moon
The Hierophant,The Star,The Sun
The Hierophant,The Star,Judgement
The Hierophant,The Star,The World
The Hierophant,The Moon,The Sun
The Hierophant,The Moon,Judgement
The Hierophant,The Moon,The World
The Hierophant,The Sun,Judgement
The Hierophant,The Sun,The World
The Hierophant,Judgement,The World
The Lovers,The Chariot,Strength
The Lovers,The Chariot,The Hermit
The Lovers,The Chariot,Wheel of Fortune
The Lovers,The Chariot,Justice
The Lovers,The Chariot,The Hanged Man
The Lovers,The Chariot,Death
The Lovers,The Chariot,Temperance
The Lovers,The Chariot,The Devil
The Lovers,The Chariot,The Tower
The Lovers,The Chariot,The Star
The Lovers,The Chariot,The Moon
The Lovers,The Chariot,The Sun
The Lovers,The Chariot,Judgement
The Lovers,The Chariot,The World
The Lovers,Strength,The Hermit
The Lovers,Strength,Wheel of Fortune
The Lovers,Strength,Justice
The Lovers,Strength,The Hanged Man
The Lovers,Strength,Death
The Lovers,Strength,Temperance
The Lovers,Strength,The Devil
The Lovers,Strength,The Tower
The Lovers,Strength,The Star
The Lovers,Strength,The Moon
The Lovers,Strength,The Sun
The Lovers,Strength,Judgement
The Lovers,Strength,The World
The Lovers,The Hermit,Wheel of Fortune
The Lovers,The Hermit,Justice
The Lovers,The Hermit,The Hanged Man
The Lovers,The Hermit,Death
The Lovers,The Hermit,Temperance
The Lovers,The Hermit,The Devil
The Lovers,The Hermit,The Tower
The Lovers,The Hermit,The Star
The Lovers,The Hermit,The Moon
The Lovers,The Hermit,The Sun
The Lovers,The Hermit,Judgement
The Lovers,The Hermit,The World
The Lovers,Wheel of Fortune,Justice
The Lovers,Wheel of Fortune,The Hanged Man
The Lovers,Wheel of Fortune,Death
The Lovers,Wheel of Fortune,Temperance
The Lovers,Wheel of Fortune,The Devil
The Lovers,Wheel of Fortune,The Tower
The Lovers,Wheel of Fortune,The Star
The Lovers,Wheel of Fortune,The Moon
The Lovers,Wheel of Fortune,The Sun
The Lovers,Wheel of Fortune,Judgement
The Lovers,Wheel of Fortune,The World
The Lovers,Justice,The Hanged Man
The Lovers,Justice,Death
The Lovers,Justice,Temperance
The Lovers,Justice,The Devil
The Lovers,Justice,The Tower
The Lovers,Justice,The Star
The Lovers,Justice,The Moon
The Lovers,Justice,The Sun
The Lovers,Justice,Judgement
The Lovers,Justice,The World
The Lovers,The Hanged Man,Death
The Lovers,The Hanged Man,Temperance
The Lovers,The Hanged Man,The Devil
The Lovers,The Hanged Man,The Tower
The Lovers,The Hanged Man,The Star
The Lovers,The Hanged Man,The Moon
The Lovers,The Hanged Man,The Sun
The Lovers,The Hanged Man,Judgement
The Lovers,The Hanged Man,The World
The Lovers,Death,Temperance
The Lovers,Death,The Devil
The Lovers,Death,The Tower
The Lovers,Death,The Star
The Lovers,Death,The Moon
The Lovers,Death,The Sun
The Lovers,Death,Judgement
The Lovers,Death,The World
The Lovers,Temperance,The Devil
The Lovers,Temperance,The Tower
The Lovers,Temperance,The Star
The Lovers,Temperance,The Moon
The Lovers,Temperance,The Sun
The Lovers,Temperance,Judgement
The Lovers,Temperance,The World
The Lovers,The Devil,The Tower
The Lovers,The Devil,The Star
The Lovers,The Devil,The Moon
The Lovers,The Devil,The Sun
The Lovers,The Devil,Judgement
The Lovers,The Devil,The World
The Lovers,The Tower,The Star
The Lovers,The Tower,The Moon
The Lovers,The Tower,The Sun
The Lovers,The Tower,Judgement
The Lovers,The Tower,The World
The Lovers,The Star,The Moon
The Lovers,The Star,The Sun
The Lovers,The Star,Judgement
The Lovers,The Star,The World
The Lovers,The Moon,The Sun
The Lovers,The Moon,Judgement
The Lovers,The Moon,The World
The Lovers,The Sun,Judgement
The Lovers,The Sun,The World
The Lovers,Judgement,The World
The Chariot,Strength,The Hermit
The Chariot,Strength,Wheel of Fortune
The Chariot,Strength,Justice
The Chariot,Strength,The Hanged Man
The Chariot,Strength,Death
The Chariot,Strength,Temperance
The Chariot,Strength,The Devil
The Chariot,Strength,The Tower
The Chariot,Strength,The Star
The Chariot,Strength,The Moon
The Chariot,Strength,The Sun
The Chariot,Strength,Judgement
The Chariot,Strength,The World
The Chariot,The Hermit,Wheel of Fortune
The Chariot,The Hermit,Justice
The Chariot,The Hermit,The Hanged Man
The Chariot,The Hermit,Death
The Chariot,The Hermit,Temperance
The Chariot,The Hermit,The Devil
The Chariot,The Hermit,The Tower
The Chariot,The Hermit,The Star
The Chariot,The Hermit,The Moon
The Chariot,The Hermit,The Sun
The Chariot,The Hermit,Judgement
The Chariot,The Hermit,The World
The Chariot,Wheel of Fortune,Justice
The Chariot,Wheel of Fortune,The Hanged Man
The Chariot,Wheel of Fortune,Death
The Chariot,Wheel of Fortune,Temperance
The Chariot,Wheel of Fortune,The Devil
The Chariot,Wheel of Fortune,The Tower
The Chariot,Wheel of Fortune,The Star
The Chariot,Wheel of Fortune,The Moon
The Chariot,Wheel of Fortune,The Sun
The Chariot,Wheel of Fortune,Judgement
The Chariot,Wheel of Fortune,The World
The Chariot,Justice,The Hanged Man
The Chariot,Justice,Death
The Chariot,Justice,Temperance
The Chariot,Justice,The Devil
The Chariot,Justice,The Tower
The Chariot,Justice,The Star
The Chariot,Justice,The Moon
The Chariot,Justice,The Sun
The Chariot,Justice,Judgement
The Chariot,Justice,The World
The Chariot,The Hanged Man,Death
The Chariot,The Hanged Man,Temperance
The Chariot,The Hanged Man,The Devil
The Chariot,The Hanged Man,The Tower
The Chariot,The Hanged Man,The Star
The Chariot,The Hanged Man,The Moon
The Chariot,The Hanged Man,The Sun
The Chariot,The Hanged Man,Judgement
The Chariot,The Hanged Man,The World
The Chariot,Death,Temperance
The Chariot,Death,The Devil
The Chariot,Death,The Tower
The Chariot,Death,The Star
The Chariot,Death,The Moon
The Chariot,Death,The Sun
The Chariot,Death,Judgement
The Chariot,Death,The World
The Chariot,Temperance,The Devil
The Chariot,Temperance,The Tower
The Chariot,Temperance,The Star
The Chariot,Temperance,The Moon
The Chariot,Temperance,The Sun
The Chariot,Temperance,Judgement
The Chariot,Temperance,The World
The Chariot,The Devil,The Tower
The Chariot,The Devil,The Star
The Chariot,The Devil,The Moon
The Chariot,The Devil,The Sun
The Chariot,The Devil,Judgement
The Chariot,The Devil,The World
The Chariot,The Tower,The Star
The Chariot,The Tower,The Moon
The Chariot,The Tower,The Sun
The Chariot,The Tower,Judgement
The Chariot,The Tower,The World
The Chariot,The Star,The Moon
The Chariot,The Star,The Sun
The Chariot,The Star,Judgement
The Chariot,The Star,The World
The Chariot,The Moon,The Sun
The Chariot,The Moon,Judgement
The Chariot,The Moon,The World
The Chariot,The Sun,Judgement
The Chariot,The Sun,The World
The Chariot,Judgement,The World
Strength,The Hermit,Wheel of Fortune
Strength,The Hermit,Justice
Strength,The Hermit,The Hanged Man
Strength,The Hermit,Death
Strength,The Hermit,Temperance
Strength,The Hermit,The Devil
Strength,The Hermit,The Tower
Strength,The Hermit,The Star
Strength,The Hermit,The Moon
Strength,The Hermit,The Sun
Strength,The Hermit,Judgement
Strength,The Hermit,The World
Strength,Wheel of Fortune,Justice
Strength,Wheel of Fortune,The Hanged Man
Strength,Wheel of Fortune,Death
Strength,Wheel of Fortune,Temperance
Strength,Wheel of Fortune,The Devil
Strength,Wheel of Fortune,The Tower
Strength,Wheel of Fortune,The Star
Strength,Wheel of Fortune,The Moon
Strength,Wheel of Fortune,The Sun
Strength,Wheel of Fortune,Judgement
Strength,Wheel of Fortune,The World
Strength,Justice,The Hanged Man
Strength,Justice,Death
Strength,Justice,Temperance
Strength,Justice,The Devil
Strength,Justice,The Tower
Strength,Justice,The Star
Strength,Justice,The Moon
Strength,Justice,The Sun
Strength,Justice,Judgement
Strength,Justice,The World
Strength,The Hanged Man,Death
Strength,The Hanged Man,Temperance
Strength,The Hanged Man,The Devil
Strength,The Hanged Man,The Tower
Strength,The Hanged Man,The Star
Strength,The Hanged Man,The Moon
Strength,The Hanged Man,The Sun
Strength,The Hanged Man,Judgement
Strength,The Hanged Man,The World
Strength,Death,Temperance
Strength,Death,The Devil
Strength,Death,The Tower
Strength,Death,The Star
Strength,Death,The Moon
Strength,Death,The Sun
Strength,Death,Judgement
Strength,Death,The World
Strength,Temperance,The Devil
Strength,Temperance,The Tower
Strength,Temperance,The Star
Strength,Temperance,The Moon
Strength,Temperance,The Sun
Strength,Temperance,Judgement
Strength,Temperance,The World
Strength,The Devil,The Tower
Strength,The Devil,The Star
Strength,The Devil,The Moon
Strength,The Devil,The Sun
Strength,The Devil,Judgement
Strength,The Devil,The World
Strength,The Tower,The Star
Strength,The Tower,The Moon
Strength,The Tower,The Sun
Strength,The Tower,Judgement
Strength,The Tower,The World
Strength,The Star,The Moon
Strength,The Star,The Sun
Strength,The Star,Judgement
Strength,The Star,The World
Strength,The Moon,The Sun
Strength,The Moon,Judgement
Strength,The Moon,The World
Strength,The Sun,Judgement
Strength,The Sun,The World
Strength,Judgement,The World
The Hermit,Wheel of Fortune,Justice
The Hermit,Wheel of Fortune,The Hanged Man
The Hermit,Wheel of Fortune,Death
The Hermit,Wheel of Fortune,Temperance
The Hermit,Wheel of Fortune,The Devil
The Hermit,Wheel of Fortune,The Tower
The Hermit,Wheel of Fortune,The Star
The Hermit,Wheel of Fortune,The Moon
The Hermit,Wheel of Fortune,The Sun
The Hermit,Wheel of Fortune,Judgement
The Hermit,Wheel of Fortune,The World
The Hermit,Justice,The Hanged Man
The Hermit,Justice,Death
The Hermit,Justice,Temperance
The Hermit,Justice,The Devil
The Hermit,Justice,The Tower
The Hermit,Justice,The Star
The Hermit,Justice,The Moon
The Hermit,Justice,The Sun
The Hermit,Justice,Judgement
The Hermit,Justice,The World
The Hermit,The Hanged Man,Death
The Hermit,The Hanged Man,Temperance
The Hermit,The Hanged Man,The Devil
The Hermit,The Hanged Man,The Tower
The Hermit,The Hanged Man,The Star
The Hermit,The Hanged Man,The Moon
The Hermit,The Hanged Man,The Sun
The Hermit,The Hanged Man,Judgement
The Hermit,The Hanged Man,The World
The Hermit,Death,Temperance
The Hermit,Death,The Devil
The Hermit,Death,The Tower
The Hermit,Death,The Star
The Hermit,Death,The Moon
The Hermit,Death,The Sun
The Hermit,Death,Judgement
The Hermit,Death,The World
The Hermit,Temperance,The Devil
The Hermit,Temperance,The Tower
The Hermit,Temperance,The Star
The Hermit,Temperance,The Moon
The Hermit,Temperance,The Sun
The Hermit,Temperance,Judgement
The Hermit,Temperance,The World
The Hermit,The Devil,The Tower
The Hermit,The Devil,The Star
The Hermit,The Devil,The Moon
The Hermit,The Devil,The Sun
The Hermit,The Devil,Judgement
The Hermit,The Devil,The World
The Hermit,The Tower,The Star
The Hermit,The Tower,The Moon
The Hermit,The Tower,The Sun
The Hermit,The Tower,Judgement
The Hermit,The Tower,The World
The Hermit,The Star,The Moon
The Hermit,The Star,The Sun
The Hermit,The Star,Judgement
The Hermit,The Star,The World
The Hermit,The Moon,The Sun
The Hermit,The Moon,Judgement
The Hermit,The Moon,The World
The Hermit,The Sun,Judgement
The Hermit,The Sun,The World
The Hermit,Judgement,The World
Wheel of Fortune,Justice,The Hanged Man
Wheel of Fortune,Justice,Death
Wheel of Fortune,Justice,Temperance
Wheel of Fortune,Justice,The Devil
Wheel of Fortune,Justice,The Tower
Wheel of Fortune,Justice,The Star
Wheel of Fortune,Justice,The Moon
Wheel of Fortune,Justice,The Sun
Wheel of Fortune,Justice,Judgement
Wheel of Fortune,Justice,The World
Wheel of Fortune,The Hanged Man,Death
Wheel of Fortune,The Hanged Man,Temperance
Wheel of Fortune,The Hanged Man,The Devil
Wheel of Fortune,The Hanged Man,The Tower
Wheel of Fortune,The Hanged Man,The Star
Wheel of Fortune,The Hanged Man,The Moon
Wheel of Fortune,The Hanged Man,The Sun
Wheel of Fortune,The Hanged Man,Judgement
Wheel of Fortune,The Hanged Man,The World
Wheel of Fortune,Death,Temperance
Wheel of Fortune,Death,The Devil
Wheel of Fortune,Death,The Tower
Wheel of Fortune,Death,The Star
Wheel of Fortune,Death,The Moon
Wheel of Fortune,Death,The Sun
Wheel of Fortune,Death,Judgement
Wheel of Fortune,Death,The World
Wheel of Fortune,Temperance,The Devil
Wheel of Fortune,Temperance,The Tower
Wheel of Fortune,Temperance,The Star
Wheel of Fortune,Temperance,The Moon
Wheel of Fortune,Temperance,The Sun
Wheel of Fortune,Temperance,Judgement
Wheel of Fortune,Temperance,The World
Wheel of Fortune,The Devil,The Tower
Wheel of Fortune,The Devil,The Star
Wheel of Fortune,The Devil,The Moon
Wheel of Fortune,The Devil,The Sun
Wheel of Fortune,The Devil,Judgement
Wheel of Fortune,The Devil,The World
Wheel of Fortune,The Tower,The Star
Wheel of Fortune,The Tower,The Moon
Wheel of Fortune,The Tower,The Sun
Wheel of Fortune,The Tower,Judgement
Wheel of Fortune,The Tower,The World
Wheel of Fortune,The Star,The Moon
Wheel of Fortune,The Star,The Sun
Wheel of Fortune,The Star,Judgement
Wheel of Fortune,The Star,The World
Wheel of Fortune,The Moon,The Sun
Wheel of Fortune,The Moon,Judgement
Wheel of Fortune,The Moon,The World
Wheel of Fortune,The Sun,Judgement
Wheel of Fortune,The Sun,The World
Wheel of Fortune,Judgement,The World
Justice,The Hanged Man,Death
Justice,The Hanged Man,Temperance
Justice,The Hanged Man,The Devil
Justice,The Hanged Man,The Tower
Justice,The Hanged Man,The Star
Justice,The Hanged Man,The Moon
Justice,The Hanged Man,The Sun
Justice,The Hanged Man,Judgement
Justice,The Hanged Man,The World
Justice,Death,Temperance
Justice,Death,The Devil
Justice,Death,The Tower
Justice,Death,The Star
Justice,Death,The Moon
Justice,Death,The Sun
Justice,Death,Judgement
Justice,Death,The World
Justice,Temperance,The Devil
Justice,Temperance,The Tower
Justice,Temperance,The Star
Justice,Temperance,The Moon
Justice,Temperance,The Sun
Justice,Temperance,Judgement
Justice,Temperance,The World
Justice,The Devil,The Tower
Justice,The Devil,The Star
Justice,The Devil,The Moon
Justice,The Devil,The Sun
Justice,The Devil,Judgement
Justice,The Devil,The World
Justice,The Tower,The Star
Justice,The Tower,The Moon
Justice,The Tower,The Sun
Justice,The Tower,Judgement
Justice,The Tower,The World
Justice,The Star,The Moon
Justice,The Star,The Sun
Justice,The Star,Judgement
Justice,The Star,The World
Justice,The Moon,The Sun
Justice,The Moon,Judgement
Justice,The Moon,The World
Justice,The Sun,Judgement
Justice,The Sun,The World
Justice,Judgement,The World
The Hanged Man,Death,Temperance
The Hanged Man,Death,The Devil
The Hanged Man,Death,The Tower
The Hanged Man,Death,The Star
The Hanged Man,Death,The Moon
The Hanged Man,Death,The Sun
The Hanged Man,Death,Judgement
The Hanged Man,Death,The World
The Hanged Man,Temperance,The Devil
The Hanged Man,Temperance,The Tower
The Hanged Man,Temperance,The Star
The Hanged Man,Temperance,The Moon
The Hanged Man,Temperance,The Sun
The Hanged Man,Temperance,Judgement
The Hanged Man,Temperance,The World
The Hanged Man,The Devil,The Tower
The Hanged Man,The Devil,The Star
The Hanged Man,The Devil,The Moon
The Hanged Man,The Devil,The Sun
The Hanged Man,The Devil,Judgement
The Hanged Man,The Devil,The World
The Hanged Man,The Tower,The Star
The Hanged Man,The Tower,The Moon
The Hanged Man,The Tower,The Sun
The Hanged Man,The Tower,Judgement
The Hanged Man,The Tower,The World
The Hanged Man,The Star,The Moon
The Hanged Man,The Star,The Sun
The Hanged Man,The Star,Judgement
The Hanged Man,The Star,The World
The Hanged Man,The Moon,The Sun
The Hanged Man,The Moon,Judgement
The Hanged Man,The Moon,The World
The Hanged Man,The Sun,Judgement
The Hanged Man,The Sun,The World
The Hanged Man,Judgement,The World
Death,Temperance,The Devil
Death,Temperance,The Tower
Death,Temperance,The Star
Death,Temperance,The Moon
Death,Temperance,The Sun
Death,Temperance,Judgement
Death,Temperance,The World
Death,The Devil,The Tower
Death,The Devil,The Star
Death,The Devil,The Moon
Death,The Devil,The Sun
Death,The Devil,Judgement
Death,The Devil,The World
Death,The Tower,The Star
Death,The Tower,The Moon
Death,The Tower,The Sun
Death,The Tower,Judgement
Death,The Tower,The World
Death,The Star,The Moon
Death,The Star,The Sun
Death,The Star,Judgement
Death,The Star,The World
Death,The Moon,The Sun
Death,The Moon,Judgement
Death,The Moon,The World
Death,The Sun,Judgement
Death,The Sun,The World
Death,Judgement,The World
Temperance,The Devil,The Tower
Temperance,The Devil,The Star
Temperance,The Devil,The Moon
Temperance,The Devil,The Sun
Temperance,The Devil,Judgement
Temperance,The Devil,The World
Temperance,The Tower,The Star
Temperance,The Tower,The Moon
Temperance,The Tower,The Sun
Temperance,The Tower,Judgement
Temperance,The Tower,The World
Temperance,The Star,The Moon
Temperance,The Star,The Sun
Temperance,The Star,Judgement
Temperance,The Star,The World
Temperance,The Moon,The Sun
Temperance,The Moon,Judgement
Temperance,The Moon,The World
Temperance,The Sun,Judgement
Temperance,The Sun,The World
Temperance,Judgement,The World
The Devil,The Tower,The Star
The Devil,The Tower,The Moon
The Devil,The Tower,The Sun
The Devil,The Tower,Judgement
The Devil,The Tower,The World
The Devil,The Star,The Moon
The Devil,The Star,The Sun
The Devil,The Star,Judgement
The Devil,The Star,The World
The Devil,The Moon,The Sun
The Devil,The Moon,Judgement
The Devil,The Moon,The World
The Devil,The Sun,Judgement
The Devil,The Sun,The World
The Devil,Judgement,The World
The Tower,The Star,The Moon
The Tower,The Star,The Sun
The Tower,The Star,Judgement
The Tower,The Star,The World
The Tower,The Moon,The Sun
The Tower,The Moon,Judgement
The Tower,The Moon,The World
The Tower,The Sun,Judgement
The Tower,The Sun,The World
The Tower,Judgement,The World
The Star,The Moon,The Sun
The Star,The Moon,Judgement
The Star,The Moon,The World
The Star,The Sun,Judgement
The Star,The Sun,The World
The Star,Judgement,The World
The Moon,The Sun,Judgement
The Moon,The Sun,The World
The Moon,Judgement,The World
The Sun,Judgement,The World
